<?xml version="1.0" encoding="UTF-8" standalone="yes"?>
<addon id="plugin.video.tecboxivuewiz" name="Tecbox Ivue Wizard" version="0.0.7" provider-name="Tecbox">
  <requires>
    <import addon="xbmc.python" version="2.1.0"/>
	<import addon="script.module.addon.common" />
  </requires>
  <extension point="xbmc.python.pluginsource" library="default.py">
        <provides>video executable</provides>
  </extension>
  <extension point="xbmc.addon.metadata">
    <summary lang="en">Tecbox Ivue Wizard</summary>
    <description lang="en">Tecbox Ivue Wizard provides easy access to fixes and maintenance for Ivue Tv Guide</description>
    <platform>all</platform>
  </extension>
</addon>
