<?xml version="1.0" encoding="UTF-8" standalone="yes"?>
<addon id="script.iVueSkins" name="iVue Skins" version="1.0.1" provider-name="retrorat1">
  <requires>
    <import addon="xbmc.python" version="2.1.0"/>
  </requires>
  <extension point="xbmc.python.pluginsource" library="default.py">
        <provides>executable</provides>
  </extension>
  <extension point="xbmc.addon.metadata">
    <summary lang="en">iVue Skins</summary>
    <description lang="en">This is the place to find all Ivue TV Guide Skins Thanks to all authors of the code</description>
    <platform>all</platform>
  </extension>
</addon>
